abhii,5555666612,abhi@gmail.com
abhishek,8585858585,abhishek@gmail.com
ajay,6565656565,ajay@gmail.com
ansh,5656565656,ansh@gmail.com
leela,8989898989,leela@gmail.com
manish,9696969696,manish@gmail.com
mukesh,4545454545,mukesh@gmail.com
natharam,4141414141,natharam@gmail.com
omkar,2323232323,omkar@gmail.com
onkar,6969696969,onkar@gmail.com
onkargiri,3636363636,onkargiri@gmail.com
paras,1212121212,paras@gmail.com
raj,2525252525,raj@gmail.com
sandesh,2929292929,sandesh@gmail.com
yash,5858585858,yash@gmail.com
